name,url,category,protocols,dns,html,api
PancakeSwap,https://pancakeswap.finance/,defi,binance-smart-chain,"","styled-components,React,Google Font API,Lodash,Google Tag Manager,Google Analytics,Netlify,Cloudflare","googleapis.com,googletagmanager.com,gstatic.com,pancakeswap.com,google-analytics.com,debank.com,google.com,doubleclick.net"
Splinterlands,https://splinterlands.com/,games,"hive,wax","","PIXIjs,Ubuntu,Bootstrap,Nginx,Google Font API,Lodash,jQuery UI,jQuery,Howler.js,Google Tag Manager,Google Remarketing Tag,Google Analytics,Datadog,DataTables,Axios,parcel","cloudfront.net,datadoghq-browser-agent.com,googleapis.com,snapyr.com,googletagmanager.com,amazonaws.com,google-analytics.com,doubleclick.net,google.com"
Alien Worlds,https://alienworlds.io/,games,"wax,binance-smart-chain","","WordPress,Elementor,MySQL,PHP,UIKit,Bootstrap,Site Kit,Yoast SEO,Zendesk,jQuery Migrate,jQuery,Font Awesome,Cloudflare Browser Insights,Google Tag Manager,Google Analytics,Cloudflare","cloudflareinsights.com,googletagmanager.com,fontawesome.com,google-analytics.com"
CryptoMines,https://cryptomines.app/,games,binance-smart-chain,"","Bootstrap,animate.css,Amazon Web Services,OWL Carousel,Lightbox,jsDelivr,jQuery CDN,Font Awesome,jQuery,Isotope,Cloudflare","fontawesome.com,jquery.com,jsdelivr.net"
Axie Infinity,https://axieinfinity.com/,games,"ronin,ethereum","","Node.js,PIXIjs,Next.js,GSAP,React,Google Font API,Google Tag Manager,Google Remarketing Tag,Google Analytics,Sectigo,Cloudflare,webpack,Choices","googleapis.com,googletagmanager.com,gstatic.com,google-analytics.com,doubleclick.net"
AtomicAssets,https://atomicassets.io/,other,"wax,eos","","React,Google Tag Manager,Google Remarketing Tag,Google Analytics,Font Awesome,Cloudflare","googletagmanager.com,googleapis.com,google-analytics.com,gstatic.com,medium.com,pink.network"
Farmers World,https://farmersworld.io/,games,wax,"","Node.js,React,Vercel,Next.js,Google Analytics,Google Tag Manager,Google Remarketing Tag,webpack","googletagmanager.com,googleapis.com,gstatic.com"
Upland,https://www.upland.me/,games,eos,"","Webflow,Varnish,Nginx,OpenResty,Termly,jsDelivr,jQuery CDN,HubSpot Analytics,Google Hosted Libraries,Google Font API,Facebook,Matomo Analytics,jQuery,HubSpot,Google Tag Manager,Google Remarketing Tag,Google Analytics,Facebook Pixel,core-js","website-files.com,googleapis.com,cloudfront.net,jquery.com,finsweet.com,jsdelivr.net,googletagmanager.com,nolt.io,freshdesk.com,hs-scripts.com,termly.io,google-analytics.com,twitter.com,gstatic.com,hs-banner.com,hsadspixel.net,hscollectedforms.net,hs-analytics.net,doubleclick.net,facebook.net,google.com,hubspot.com,facebook.com,amazonaws.com,hsforms.com,recaptcha.net,hubapi.com,googleadservices.com"
NBA TopShot,https://nbatopshot.com/,collectibles,flow,"","Contentful,Sentry,TypeScript,GraphQL,Node.js,styled-components,React,Emotion,Next.js,hCaptcha,Cloudflare Browser Insights,Cloudflare Bot Management,Snap Pixel,Sift,Lodash,core-js,Apollo,Google Cloud,Cloudflare,webpack","cloudflareinsights.com,sc-static.net,snapchat.com,tapad.com,contentful.com,sentry.io,hcaptcha.com,segment.com,googleapis.com,ctfassets.net,hotjar.com,segment.io,mxpnl.com,google-analytics.com,googletagmanager.com,ads-twitter.com,facebook.net,doubleclick.net,twitter.com,t.co,google.com,hotjar.io,facebook.com,sift.com,criteo.com,hexagon-analytics.com,criteo.net"
Trader Joe,https://traderjoexyz.com/,exchanges,avalanche,dnslink,"styled-components,React,Emotion,Cloudflare Bot Management,Lodash,Google Analytics,Cloudflare","google-analytics.com,thegraph.com,avax.network,githubusercontent.com"
Bomb Crypto,https://bombcrypto.io/,games,binance-smart-chain,"","WordPress,MySQL,PHP,GSAP,Yoast SEO,Contact Form 7,Google Hosted Libraries,Google Font API,Font Awesome,Facebook,Snap Pixel,LazySizes,jQuery Migrate,jQuery,Google Tag Manager,Google Remarketing Tag,Google Analytics,Google Ads Conversion Tracking,Facebook Pixel,core-js,Cloudflare,Revslider","googleapis.com,sc-static.net,googletagmanager.com,gstatic.com,google-analytics.com,facebook.net,googleadservices.com,doubleclick.net,facebook.com,google.com"
Katana,https://katana.roninchain.com/#/swap?utm_source=DappRadar&utm_medium=deeplink&utm_campaign=visit-website,defi,ronin,"","styled-components,React,Emotion,Lodash,Google Tag Manager,Google Remarketing Tag,Google Analytics,Sectigo,Cloudflare","googletagmanager.com,google-analytics.com,googleapis.com,gstatic.com"
AtomicMarket,https://wax.atomicmarket.io/,marketplaces,"wax,eos","","React,Emotion,Google Analytics,Cloudflare","googleapis.com,google-analytics.com,gstatic.com,pink.gg,atomicassets.io"
BabySwap,https://home.babyswap.finance/,defi,binance-smart-chain,"",Cloudflare,"googleapis.com,googletagmanager.com,google-analytics.com,binance.org,gstatic.com,babyswap.io,thegraph.com,amazonaws.com"
MOBOX: NFT Farmer,https://www.mobox.io/,games,binance-smart-chain,"","Vue.js,Google Analytics,jQuery,core-js,Cloudflare,webpack","hcaptcha.com,bitsplus.cn"
Raydium,https://raydium.io/swap/,defi,solana,"","Node.js,Vue.js,Nuxt.js,Google Tag Manager,Google Analytics,core-js,Alexa Certified Site Metrics,Cloudflare,webpack","googletagmanager.com,alexametrics.com,a2z.com,google-analytics.com,rpcpool.com"
Biswap,https://biswap.org/,defi,binance-smart-chain,"","styled-components,React,LogRocket,Lodash,Intercom,Hotjar,Google Tag Manager,Google Remarketing Tag,Google Analytics,core-js,Cloudflare","googletagmanager.com,myfonts.net,hotjar.com,google-analytics.com,lr-ingest.io,defibit.io,intercom.io,hotjar.io,intercomcdn.com,intercomassets.com"
Galaxy Blocks,https://esports.win4.fun/g/space-tetris,games,thundercore,"","Sentry,Node.js,Amazon Web Services,React,Nginx,Express,Google Analytics,Amazon Cloudfront,AWS Certificate Manager,webpack","cloudflare.com,google-analytics.com,thundercore.com"
PlayMining,https://playmining.com/,games,dep,"","Sentry,Node.js,Vue.js,Nuxt.js,GSAP,Google Font API,Google Tag Manager,Google Remarketing Tag,Google Analytics,core-js,webpack","googleapis.com,googletagmanager.com,gstatic.com,google-analytics.com,doubleclick.net,google.com"
Uniswap,https://app.uniswap.org/,exchanges,ethereum,dnslink,"styled-components,React,Emotion,Cloudflare Bot Management,Google Analytics,Cloudflare","google-analytics.com,githubusercontent.com,infura.io,cloudflare-ipfs.com"
QuickSwap,https://quickswap.exchange/,exchanges,polygon,"","Node.js,styled-components,React,Emotion,Express,Cloudflare Browser Insights,Lodash,Google Analytics,core-js,Cloudflare","cloudflareinsights.com,google-analytics.com,doubleclick.net,polygon-rpc.com"
OpenSea,https://opensea.io/,marketplaces,"ethereum,polygon","","Sentry,Node.js,YouTube,Next.js,styled-components,React,Heroku,Google Font API,cdnjs,Cloudflare Browser Insights,Cloudflare Bot Management,Lodash,Google Tag Manager,Google Remarketing Tag,Google Analytics,FullStory,Datadog,Cloudflare,webpack","cloudflare.com,cloudflareinsights.com,youtube.com,googleusercontent.com,gstatic.com,sentry.io,fullstory.com,googletagmanager.com,doubleclick.net,google.com,ggpht.com,ytimg.com,google-analytics.com"
DeFi Kingdoms,https://defikingdoms.com/,games,harmony,"","YouTube,MailChimp,jQuery CDN,Google Font API,Font Awesome,jQuery,Google Tag Manager,Google Remarketing Tag,Google Analytics,AOS,Unpkg","googleapis.com,fontawesome.com,unpkg.com,jquery.com,googletagmanager.com,youtube.com,youtube-nocookie.com,gstatic.com,google-analytics.com,google.com,ggpht.com,ytimg.com,doubleclick.net,googlevideo.com"
BinaryX,https://game.binaryx.pro/,games,binance-smart-chain,"","Vue.js,Element UI,core-js,Cloudflare,webpack",cloudfront.net
Arc8 by GAMEE,https://www.gamee.com/arc8,games,polygon,"","Node.js,styled-components,React,Next.js,Google Analytics,Google Tag Manager,Google Remarketing Tag,Cloudflare,webpack",googletagmanager.com
Magic Eden,https://magiceden.io/,marketplaces,solana,"","Bootstrap,animate.css,React,Google Font API,Google Analytics,Lodash,jQuery,Google Tag Manager,Google Remarketing Tag,Datadog,core-js,Cloudflare","cloudflare.com,googleapis.com,rudderlabs.com,rudderstack.com,googletagmanager.com,pinata.cloud,discordapp.net,airtable.com,gstatic.com,datadoghq.com,discordapp.com,imgur.com"
Alcor.exchange,https://wax.alcor.exchange/,exchanges,"wax,eos,telos","","Sentry,Node.js,Vue.js,Element UI,Nuxt.js,Google Analytics,core-js,Cloudflare,webpack","google-analytics.com,github.com,get-scatter.com,githubusercontent.com,coingecko.com,,doubleclick.net"
ApeSwap,https://apeswap.finance/,defi,"binance-smart-chain,polygon","","styled-components,React,Vercel,Google Font API,Lodash,Hotjar,Google Tag Manager,Google Analytics","googleapis.com,googletagmanager.com,defibit.io,gstatic.com,google-analytics.com,herokuapp.com,doubleclick.net,cloudinary.com,ninicoin.io"
BNBMatrix,https://bnbmatrix.io/,high-risk,binance-smart-chain,"","styled-components,React,Unpkg,jQuery CDN,Facebook,cdnjs,jQuery UI,jQuery,Google Tag Manager,Google Remarketing Tag,Google Analytics,Facebook Pixel,AdRoll CMP System,AdRoll,Preact,Google Hosted Libraries,Cloudflare","googleapis.com,googletagmanager.com,adroll.com,unpkg.com,jquery.com,cloudflare.com,google-analytics.com,dca0.com,facebook.net,walletconnect.org,binance.org,facebook.com"
AutoShark Finance,https://autoshark.finance/,defi,"binance-smart-chain,polygon","","Reveal.js,styled-components,React,Google Font API,Google Analytics,Lodash,Google Tag Manager,core-js,Netlify,Highlight.js","googleapis.com,googletagmanager.com,gstatic.com,defibit.io,autoshark.info,coingecko.com,treedefi.com"
CryptoBlades,https://app.cryptoblades.io/,games,"binance-smart-chain,polygon,heco,okexchain","","Vue.js,Google Font API,Google Analytics,Lodash,Google Tag Manager,core-js,Netlify,webpack","googleapis.com,cloudflare.com,googletagmanager.com,gstatic.com,seiyria.com"
Sushi,https://app.sushi.com/en/swap,defi,"ethereum,binance-smart-chain,okexchain,avalanche,harmony,polygon","","Node.js,styled-components,React,Vercel,Next.js,Google Analytics,core-js,webpack,LottieFiles","google-analytics.com,cloudfront.net,ethgasstation.info,githubusercontent.com,cloudinary.com,alchemyapi.io,vercel-insights.com"
ZOO - Crypto World,https://zoogame.app/,games,binance-smart-chain,"","Vue.js,Google Font API,Cloudflare Browser Insights,Google Tag Manager,Google Remarketing Tag,Google Analytics,core-js,Cloudflare,webpack","googleapis.com,googletagmanager.com,cloudflareinsights.com,google-analytics.com,gstatic.com,zoogame.finance,defibit.io"
Jade Protocol,https://jadeprotocol.io/,defi,binance-smart-chain,"",Cloudflare,"matomo.cloud,quiknode.pro,thegraph.com"
1inch Network,https://app.1inch.io/,defi,"ethereum,binance-smart-chain,polygon","","Sentry,TypeScript,Zone.js,Angular,Google Remarketing Tag","coingecko.com,intercom.io"
Yup,https://app.yup.io/,social,eos,"","React,Amazon Web Services,Segment,Google Font API,Font Awesome,Mixpanel,Lodash,Google Tag Manager,Google Remarketing Tag,Google Analytics,core-js,Amazon Cloudfront,AWS Certificate Manager,webpack,Amazon S3","googletagmanager.com,googleapis.com,amazonaws.com,segment.com,mxpnl.com,google-analytics.com,doubleclick.net,imgix.net,googleusercontent.com,ytimg.com,twimg.com,mixpanel.com"
Mdex,https://bsc.mdex.co/#/referral?id=7Ah6jjRy?utm_source=DappRadar&utm_medium=deeplink&utm_campaign=visit-website,exchanges,"binance-smart-chain,heco","","Sentry,Varnish,styled-components,React,Emotion,Baidu Analytics (百度统计),jsDelivr,Fastly","jsdelivr.net,baidu.com,sentry.io,binance.org"
PROSPECTORS,https://grandland.prospectors.io/,games,"wax,eos","","PIXIjs,Paddle,reCAPTCHA,Google Tag Manager,Google Remarketing Tag,Google Analytics,Cloudflare,parcel","googletagmanager.com,google.com,paddle.com,googleapis.com,gstatic.com,google-analytics.com,wax.io"
CryptoBay,https://cryptobay.top/,games,binance-smart-chain,"","Google Tag Manager,Google Remarketing Tag,Google Analytics,core-js,webpack","googletagmanager.com,google-analytics.com"
Crazy Defense Heroes,https://crazydefenseheroes.com/,games,"ethereum,polygon","","Amazon Web Services,React,Nginx,Twitter Analytics,Facebook,Twitter Ads,Google Tag Manager,Google Analytics,Font Awesome,Facebook Pixel,core-js,Amazon Cloudfront,AWS Certificate Manager","mailerlite.com,googleapis.com,ticbits.com,googletagmanager.com,facebook.net,ads-twitter.com,google-analytics.com,revvmotorsport.com,amazonaws.com,infura.io,alchemyapi.io,pokt.network,rss2json.com,etherscan.io,gstatic.com,twitter.com,t.co,doubleclick.net,facebook.com,medium.com,appspot.com,cloudflare-eth.com"
X World Games,https://xwg.games/,games,binance-smart-chain,"","Vue.js,Intercom,Cloudflare","intercom.io,intercomcdn.com,xwggame.com,crypto.com,youtube.com,gstatic.com,doubleclick.net,google.com,ggpht.com,ytimg.com,aliyuncs.com,intercomassets.com"
DRIP,https://drip.community/,defi,binance-smart-chain,"","Ubuntu,Vue.js,styled-components,React,Apache,Google Font API,Hammer.js,core-js,webpack","googleapis.com,google.com,coingecko.com,gstatic.com"
TTGuess,https://ttguess-b5023.web.app/,gambling,thundercore,"","animate.css,React,Google Analytics","cloudflare.com,google-analytics.com,thundercore.com,giphy.com"
PolyFractal Trade,https://polyfractal.trade/,high-risk,"polygon,binance-smart-chain","","Apache,jQuery,Google Tag Manager,Google Remarketing Tag,Google Analytics","googletagmanager.com,googleapis.com,gstatic.com,google-analytics.com"
MetaverseMiner,http://www.meta.auto/,games,binance-smart-chain,"","Amazon Web Services,Tengine,core-js,Amazon Cloudfront,webpack",yzcdn.cn
Orca,https://www.orca.so/,defi,solana,"","Contentful,Amazon Web Services,styled-components,React,Google Font API,Lodash,core-js,Amazon Cloudfront,AWS Certificate Manager,Amazon S3","googleapis.com,rpcpool.com,contentful.com,gstatic.com,coingecko.com"
Serious Dice,https://playdice.xyz/dice,gambling,thundercore,"","animate.css,Bootstrap,Vue.js,jQuery,core-js,Cloudflare,webpack","googleapis.com,gstatic.com,thundercore.com"
Metamon,https://metamon.radiocaca.com/,games,binance-smart-chain,"","Amazon Web Services,React,Google Analytics,Amazon Cloudfront,AWS Certificate Manager,Amazon S3",""
Jelly Squish,https://esports.win4.fun/g/jelly-squish,games,thundercore,"","Sentry,Node.js,Amazon Web Services,React,Nginx,Express,Google Analytics,Amazon Cloudfront,AWS Certificate Manager,webpack","cloudflare.com,google-analytics.com,thundercore.com"
HeroFi,https://app.herofi.io/,games,binance-smart-chain,"","styled-components,React,jQuery CDN,Google Font API,Facebook,jQuery UI,jQuery,Google Tag Manager,Google Remarketing Tag,Google Analytics,Facebook Pixel,core-js,Cloudflare","googleapis.com,cdnfonts.com,jquery.com,googletagmanager.com,google-analytics.com,facebook.net,githubusercontent.com,gstatic.com,ninicoin.io,facebook.com"
SunSwap,https://sunswap.com/,exchanges,tron,"","React,MobX,Lodash,Google Tag Manager,Google Remarketing Tag,Google Analytics,Cloudflare","googletagmanager.com,google-analytics.com,trongrid.io,doubleclick.net,coin.top,google.com,ablesdxd.link,tronscan.org,justswap.link,tronalliance.cc"
KLAYswap,https://klayswap.com/,exchanges,klaytn,"","styled-components,React,Amazon Web Services,Google Font API,Facebook,Lodash,jQuery,Google Tag Manager,Google Analytics,Facebook Pixel,core-js,Cloudflare,webpack,Kakao","googleapis.com,github.io,kakao.com,googletagmanager.com,facebook.net,google-analytics.com,facebook.com,jsdelivr.net,doubleclick.net,google.com,klaystation.io,amplitude.com"
Taco,https://tacocrypto.io/,other,wax,"","TypeScript,Zone.js,Angular,Google Tag Manager,Google Remarketing Tag,Google Analytics,Cloudflare,webpack","googleapis.com,googletagmanager.com,google-analytics.com"
DNAxCAT,https://market.dnaxcat.io/,games,binance-smart-chain,"","Vue.js,Google Font API,Google Tag Manager,Google Remarketing Tag,Google Analytics,core-js,Cloudflare,webpack","googleapis.com,googletagmanager.com,gstatic.com,google-analytics.com,cloudfront.net"
Solanart,https://solanart.io/,marketplaces,solana,"","Node.js,React,Express,Lodash,Google Analytics,Cloudflare","googleapis.com,google-analytics.com,onlinewebfonts.com,medianetwork.cloud,gstatic.com,mediaserver.express,doubleclick.net,coingecko.com"
TT-PLINKO,https://scgames.io/plinko,gambling,thundercore,"","Bootstrap,Vue.js,Nginx,Google Tag Manager,Google Remarketing Tag,Google Analytics,core-js,jsDelivr,webpack","jsdelivr.net,googletagmanager.com,google-analytics.com"
Polygon POS Bridge,https://wallet.polygon.technology/,defi,ethereum,"","Sentry,Node.js,Vue.js,Nuxt.js,core-js,webpack","cloudinary.com,sentry.io,matic.network,olvy.co"
TT-KENO,https://scgames.io/keno,gambling,thundercore,"","Bootstrap,Vue.js,Nginx,Google Tag Manager,Google Remarketing Tag,Google Analytics,core-js,jsDelivr,webpack","jsdelivr.net,googletagmanager.com,google-analytics.com"
BlockchainRPG,https://blockchainrpg.io/,games,wax,"","WordPress,MySQL,PHP,MediaElement.js,Nginx,GSAP,OpenResty,Jetpack,WooCommerce,Contact Form 7,OWL Carousel,Ionicons,Google Font API,Twitter Emoji (Twemoji),Select2,prettyPhoto,Modernizr,jQuery UI,jQuery Migrate,jQuery,Isotope,core-js,Revslider","wp.com,googleapis.com,gstatic.com"
tofuNFT,https://tofunft.com/,marketplaces,"binance-smart-chain,ethereum,avalanche,polygon","","Node.js,Envoy,Next.js,React,Emotion,Google Font API,Google Tag Manager,Google Remarketing Tag,Google Analytics,Cloudflare,webpack","googletagmanager.com,gstatic.com,google-analytics.com"
Steemit,https://steemit.com/,social,steem,"","ZURB Foundation,Amazon ALB,Amazon Web Services,React,Google Font API,jQuery,Google Tag Manager,Google Remarketing Tag,Google Analytics,core-js,Cloudflare,webpack,Babel","googleapis.com,steemitimages.com,gstatic.com,googletagmanager.com,google-analytics.com"
SAMURAI,https://game.samurai.gold/,games,okexchain,"","RequireJS,jsDelivr,Cloudflare,Clipboard.js","jsdelivr.net,alicdn.com,shujupie.com"
Saber,https://app.saber.so/,defi,solana,"","Sentry,Ant Design,React,Emotion,Twitter,Google Font API,Cloudflare Browser Insights,Twitter Ads,Lodash,Google Tag Manager,Google Remarketing Tag,Google Analytics,core-js,Cloudflare","googletagmanager.com,googleapis.com,cloudflare.com,cloudflareinsights.com,twitter.com,google-analytics.com,gstatic.com,rpcpool.com,coingecko.com,highlight.run,sentry.io,ship.capital"
NFT Panda: World of Fantasy,https://game.nftpanda.space/,games,wax,"","styled-components,React,Nginx,SoundManager,reCAPTCHA,Lodash","google.com,atomicassets.io,wax.io,gstatic.com"
Pangolin Exchange,https://app.pangolin.exchange/,defi,avalanche,dnslink,"styled-components,React,Emotion,Google Font API,Cloudflare Bot Management,Google Analytics,Cloudflare","googleapis.com,google-analytics.com,avax.network"
Dice Planet,https://www.diceplanet.xyz/,gambling,thundercore,"","Amazon Web Services,React,Amazon Cloudfront,AWS Certificate Manager,Amazon S3",thundercore.com
NeftyBlocks,https://neftyblocks.com/,marketplaces,wax,"","Sentry,Node.js,Vuetify,Vue.js,Nuxt.js,Vercel,Lodash,Google Tag Manager,Google Remarketing Tag,Google Analytics,core-js,Unpkg,jsDelivr,webpack","jsdelivr.net,googletagmanager.com,sentry.io,wax.io,get-scatter.com,fontawesome.com,unpkg.com,googleapis.com,cloudfunctions.net,"
ShibaSwap,https://shibaswap.com/#/?utm_source=DappRadar&utm_medium=deeplink&utm_campaign=visit-website,defi,"ethereum,binance-smart-chain","","styled-components,React,Lodash,Google Analytics,Cloudflare","googleapis.com,google-analytics.com,thegraph.com,gstatic.com,alchemyapi.io,cloudflare-ipfs.com"
Mars Ecosystem,https://app.marsecosystem.com/home,defi,binance-smart-chain,"","styled-components,React,Lodash,Google Tag Manager,Google Remarketing Tag,Google Analytics,Font Awesome,core-js,Cloudflare","googletagmanager.com,google-analytics.com,binance.org"
Nine Chronicles,https://nine-chronicles.com/,games,other,"","YouTube,Varnish,Stimulus,GSAP,Facebook,Google Tag Manager,Google Remarketing Tag,Google Optimize,Google Analytics,Facebook Pixel,core-js,Taboola,Fastly","googleoptimize.com,googletagmanager.com,facebook.net,taboola.com,cloudfront.net,googleapis.com,google-analytics.com,facebook.com,gstatic.com,doubleclick.net,google.com"
CryptoPlanes,https://cryptoplanes.me/,games,binance-smart-chain,"","hCaptcha,Cloudflare","gstatic.com,jsdelivr.net"
Aave,https://app.aave.com/,defi,"ethereum,avalanche,polygon",dnslink,"hCaptcha,Cloudflare Bot Management,Cloudflare","cloudflare-eth.com,alchemyapi.io"
Gods Unchained,https://godsunchained.com/,games,"ethereum,immutablex","","TypeScript,Angular,Amazon Web Services,Zone.js,GSAP,Unpkg,Facebook,VWO,New Relic,Lodash,Howler.js,Google Tag Manager,Google Remarketing Tag,Google Optimize,Google Analytics,Google Ads Conversion Tracking,Facebook Pixel,core-js,Autopilot,LaunchDarkly,Amazon Cloudfront,AWS Certificate Manager,Amazon S3","googletagmanager.com,unpkg.com,googleapis.com,visualwebsiteoptimizer.com,google-analytics.com,googleadservices.com,facebook.net,immutable.com,gstatic.com,doubleclick.net,launchdarkly.com,infura.io,google.com,facebook.com,apollo.gg,vimeo.com,vimeocdn.com,akamaized.net,newrelic.com,quickkoala.io,nr-data.net"
Position Exchange,https://app.position.exchange/,defi,binance-smart-chain,"","styled-components,React,Emotion,jsDelivr,Google Font API,Facebook,web-vitals,Raygun,Lodash,Google Tag Manager,Google Remarketing Tag,Google Analytics,Facebook Pixel,core-js,Cloudflare","googleapis.com,googletagmanager.com,jsdelivr.net,raygun.io,facebook.net,google-analytics.com,facebook.com,pancakeswap.com,gstatic.com"
R-PLANET,https://rplanet.io/,games,wax,"","Node.js,Next.js,styled-components,React,MobX,Google Tag Manager,Google Analytics,Cloudflare,webpack,Choices","googleapis.com,gstatic.com,alohaeos.com,wax.io,get-scatter.com,googletagmanager.com,,google.com,atomicassets.io"
Solend,https://solend.fi/,defi,solana,"","Sentry,React,Google Font API,Lodash,LaunchDarkly,Netlify","cloudfront.net,googleapis.com,launchdarkly.com,figment.io,gstatic.com"
DeHero,https://game.dehero.co/,games,binance-smart-chain,"","Nginx,decimal.js,CNZZ,Google Tag Manager,Google Remarketing Tag,Google Analytics,core-js,webpack","googletagmanager.com,cnzz.com,mmstat.com,google-analytics.com,yzcdn.cn,mixmarvel.com,aliyuncs.com"
Farming Tales,https://play.farmingtales.io/,games,wax,"","TypeScript,Zone.js,Angular,Hammer.js,Google Tag Manager,Google Remarketing Tag,Google Analytics,Cloudflare,webpack","gstatic.com,googleapis.com,googletagmanager.com,google-analytics.com,unity3d.com"
Bogged.Finance,https://app.bogged.finance/,exchanges,binance-smart-chain,"","Plesk,Google Font API,Google Tag Manager,Google Remarketing Tag,Google Analytics,core-js,Cloudflare","googleapis.com,defibit.io,jsdelivr.net,googletagmanager.com,prismic.io,gstatic.com,google-analytics.com"
REVV Racing,https://www.revvracing.com/,games,polygon,"","Amazon Web Services,React,Nginx,Facebook,Google Tag Manager,Google Analytics,Google Ads Conversion Tracking,Font Awesome,Facebook Pixel,core-js,Amazon Cloudfront,AWS Certificate Manager","googletagmanager.com,revvmotorsport.com,googleadservices.com,google-analytics.com,facebook.net,appier.net,id5-sync.com,crwdcntrl.net,doubleclick.net,google.com,facebook.com,adnxs.com,alchemy.com,mediarithmics.com,360yield.com,sonobi.com,gumgum.com,tapad.com"
PeakD,https://peakd.com/,social,hive,"","Sentry,Vue.js,Google Font API,Cloudflare Browser Insights,Matomo Analytics,core-js,webpack","googleapis.com,cloudflareinsights.com,hive.blog,gstatic.com,sentry.io"
Radio Caca Market,https://market.radiocaca.com/,marketplaces,binance-smart-chain,"","Ant Design,Amazon Web Services,React,Google Tag Manager,Google Remarketing Tag,Google Analytics,core-js,Amazon Cloudfront,AWS Certificate Manager,webpack,Amazon S3","googletagmanager.com,google-analytics.com,alicdn.com,amazonaws.com"
Pegaxy,https://play.pegaxy.io/,games,polygon,"","Sentry,Node.js,Next.js,React,Google Font API,Lodash,Google Tag Manager,Google Remarketing Tag,Google Analytics,Cloudflare,webpack","googletagmanager.com,google-analytics.com,sentry.io,gstatic.com"
objkt.com,https://objkt.com/,marketplaces,tezos,"","Node.js,TypeScript,Phoenix,React,Zone.js,Angular,Unpkg,Plausible,Netlify,webpack","plausible.io,unpkg.com,gstatic.com,tzkt.io,ipfs.io,objkt.media,cloudflare-ipfs.com"
LUMINOUS,https://luminous.games/,gambling,tron,"","styled-components,React,Netlify,Cloudflare",tronstack.io
MiningTycoon,https://mt.nextype.finance/,gambling,"binance-smart-chain,heco,other","","jQuery,Google Tag Manager,Google Remarketing Tag,Google Analytics,Cloudflare,Swiper Slider","googletagmanager.com,google-analytics.com,youtube.com,gstatic.com,doubleclick.net,google.com,ggpht.com,ytimg.com"
ZIPPY,https://zippydapps.com/,defi,thundercore,"","TypeScript,Tailwind CSS,Zone.js,Angular,Google Font API,core-js,Unpkg,Cloudflare,webpack","googleapis.com,cloudflare.com,unpkg.com,gstatic.com,thundercore.com"
Solsea,https://solsea.io/,marketplaces,solana,"","Node.js,Bootstrap,React,Nginx,Express,Google Font API,OneSignal,Hotjar,Google Tag Manager,Google Remarketing Tag,Google Analytics,core-js,Sectigo,webpack","googleapis.com,googletagmanager.com,arweave.net,digitaloceanspaces.com,gstatic.com,google-analytics.com,onesignal.com,hotjar.com,doubleclick.net,google.com"
ViperSwap,https://viper.exchange/,defi,harmony,"","Amazon Web Services,styled-components,React,Emotion,Google Analytics,Amazon Cloudfront,AWS Certificate Manager,Amazon S3","google-analytics.com,hmny.io"
Solana Farm,https://solanafarm.finance/,defi,binance-smart-chain,"","particles.js,animate.css,Bootstrap,GSAP,LiteSpeed,Yandex.Metrika,jQuery Migrate,jQuery,Google Tag Manager,Google Remarketing Tag,Google Analytics,AOS,Swiper Slider","googleapis.com,googletagmanager.com,yandex.ru,gstatic.com,google-analytics.com"
DODO,https://app.dodoex.io/,defi,"ethereum,polygon,binance-smart-chain,okexchain","","Vercel,Cloudflare","cloudflare.com,googleapis.com,cloudflareinsights.com,googletagmanager.com,gstatic.com,google-analytics.com,sentry.io,google.com,doubleclick.net,mixpanel.com"
BUSDMatrix,https://busdmatrix.io/,high-risk,binance-smart-chain,"","styled-components,React,Unpkg,jQuery CDN,cdnjs,jQuery UI,jQuery,Google Tag Manager,Google Remarketing Tag,Google Analytics,Preact,Google Hosted Libraries,Cloudflare","googleapis.com,googletagmanager.com,unpkg.com,jquery.com,cloudflare.com,google-analytics.com,walletconnect.org,binance.org"
Venus,https://venus.io/,defi,binance-smart-chain,"","Chart.js,jsDelivr,cdnjs,Moment.js,jQuery,Cloudflare","jsdelivr.net,cloudflare.com"
CherrySwap,https://www.cherryswap.net/,defi,okexchain,"","styled-components,React,Google Font API,Lodash,Google Tag Manager,Google Remarketing Tag,Google Analytics","googleapis.com,googletagmanager.com,gstatic.com,google-analytics.com,okex.org"
Xpansion,https://xpsgame.io/,games,wax,"","Ubuntu,YouTube,Amazon Web Services,Nginx,Slick,jQuery CDN,Google Font API,cdnjs,jQuery,jsDelivr,AWS Certificate Manager","googleapis.com,jsdelivr.net,jquery.com,cloudflare.com,youtube.com,gstatic.com,doubleclick.net,google.com"
Aavegotchi,https://aavegotchi.com/,games,polygon,"","Node.js,Next.js,styled-components,React,Vercel,Simple Analytics,Lodash,Howler.js,core-js,webpack","simpleanalyticscdn.com,polygon-rpc.com"
BNB Miner,https://bnbminer.finance/,high-risk,binance-smart-chain,"","Node.js,Vue.js,Nuxt.js,styled-components,React,core-js,webpack","googleapis.com,binance.org"
EVODeFi bridge,https://bridge.evodefi.com/,other,"ethereum,polygon,binance-smart-chain,avalanche,other","","Svelte,Vercel,Yandex.Metrika,jsDelivr,Google Font API,Facebook,Google Tag Manager,Google Remarketing Tag,Google Analytics,Facebook Pixel,core-js","googleapis.com,jsdelivr.net,googletagmanager.com,gstatic.com,binance.org,quiknode.pro,ftm.tools,hecochain.com,hoosmartchain.com,linkpool.io,facebook.net,yandex.ru,quora.com,avax.network,arbitrum.io,,crypto.org,google.com,doubleclick.net,google-analytics.com,facebook.com"
Kawaii Islands,https://kawaii.global/,games,binance-smart-chain,"","React,Google Font API,Facebook,Google Tag Manager,Google Remarketing Tag,Google Analytics,Facebook Pixel,core-js,jsDelivr","jsdelivr.net,googleapis.com,googletagmanager.com,mailerlite.com,facebook.net,gstatic.com,google-analytics.com,facebook.com"
JustLend,https://justlend.org/#/home?utm_source=DappRadar&utm_medium=deeplink&utm_campaign=visit-website,defi,tron,"","React,MobX,Lodash,Google Tag Manager,Google Remarketing Tag,Google Analytics,Cloudflare","googletagmanager.com,google-analytics.com,trongrid.io,ablesdxd.link,doubleclick.net,google.com,coin.top,tronscan.org,tronlink.org"
Elk Finance,https://app.elk.finance/,defi,"polygon,avalanche,binance-smart-chain,heco,okexchain,harmony","","styled-components,React,Emotion,Heroku,Google Tag Manager,Google Optimize,Google Analytics,Cloudflare","googletagmanager.com,google-analytics.com,doubleclick.net,githubusercontent.com,avax.network"
ARKEN Finance,https://swap.arken.finance/,exchanges,"binance-smart-chain,avalanche,polygon,ethereum","","Sentry,Ant Design,React,Emotion,Twitter Analytics,LogRocket,Google Font API,Facebook,Twitter Ads,OneSignal,MobX,Lodash,Intercom,Hotjar,Google Tag Manager,Google Analytics,Facebook Pixel,core-js,Alexa Certified Site Metrics,AdRoll CMP System,AdRoll,Amplitude,Netlify,Cloudflare","googleapis.com,onesignal.com,googletagmanager.com,google-analytics.com,amplitude.com,lr-ingest.io,sentry-cdn.com,ads-twitter.com,facebook.net,adroll.com,coingecko.com,facebook.com,hotjar.com,alexametrics.com,doubleclick.net,twitter.com,t.co,dca0.com,defibit.io,sentry.io,casalemedia.com,rubiconproject.com,advertising.com,pubmatic.com,outbrain.com,3lift.com,taboola.com,google.com,a2z.com,yahoo.com,intercom.io,intercomcdn.com"
Midgard Clash,https://midgard.cards/,games,wax,"","PHP,Bootstrap,Vue.js,Apache,Font Awesome,jQuery","googleapis.com,gstatic.com"
My DeFi Pet,https://www.mydefipet.com/,games,binance-smart-chain,"","Node.js,Vue.js,Nuxt.js,Emotion,Google Font API,Google Tag Manager,Google Analytics,core-js,Cloudflare,webpack,PDF.js","googleapis.com,googletagmanager.com,gstatic.com,google-analytics.com"
TRUMPSWAP,https://app.trumpswap.io/,defi,binance-smart-chain,"","styled-components,React,LiteSpeed,Twitter,Google Font API,Twitter Ads,Sectigo","googleapis.com,gstatic.com,binance.org,twitter.com,pancakeswap.info,twimg.com"
Hive Blog,https://hive.blog/,social,hive,"","ZURB Foundation,React,Twitter,Google Font API,Cloudflare Browser Insights,Twitter Ads,Lodash,Embedly,core-js,Cloudflare,webpack","googleapis.com,tiktok.com,instagram.com,redditmedia.com,cloudflareinsights.com,peakd.com,3speakcontent.co,ecency.com,youtube.com,twitter.com,gstatic.com,ibytedtos.com,b-cdn.net,tiktokcdn.com"
dev DeFi,https://devdefi.finance/#/?utm_source=dappradar&utm_medium=refferal&utm_campaign=listingdapp&utm_content=none?utm_source=DappRadar&utm_medium=deeplink&utm_campaign=visit-website,defi,binance-smart-chain,"","Chart.js,Bootstrap,Varnish,Vue.js,jQuery CDN,Google Hosted Libraries,Font Awesome,Facebook,cdnjs,Mixpanel,jQuery,Google Tag Manager,Google Remarketing Tag,Google Analytics,Facebook Pixel,core-js,Fastly,Popper,Babel","cloudflare.com,googleapis.com,jquery.com,bootstrapcdn.com,googletagmanager.com,facebook.net,mxpnl.com,ninicoin.io,google-analytics.com,gstatic.com,facebook.com"
SimpleAssets,https://simpleassets.io/,other,"telos,eos,wax","","WordPress,MySQL,PHP,PIXIjs,Ubuntu,Bootstrap,Nginx,Yoast SEO,Contact Form 7,Slick,Twitter Emoji (Twemoji),reCAPTCHA,Matomo Analytics,jQuery,AOS","google.com,cryptolions.io,gstatic.com"
Mercurial,https://mercurial.finance/,defi,solana,"","Sentry,Node.js,Next.js,React,Emotion,Vercel,Google Font API,webpack","gstatic.com,rpcpool.com,sentry.io,jup.ag,githubusercontent.com,coingecko.com"
Kronos DAO,https://app.kronosdao.finance/,defi,klaytn,"","Amazon Web Services,styled-components,React,Lodash,Google Tag Manager,Google Remarketing Tag,Google Analytics,Amazon Cloudfront,AWS Certificate Manager,Amazon S3","googletagmanager.com,google-analytics.com,coingecko.com"
Cross Pool,https://app.hotcross.com/pools,defi,binance-smart-chain,"","React,Typekit,Loggly,Help Scout,Google Tag Manager,Google Remarketing Tag,Google Analytics,Font Awesome,Fathom,Cloudflare","typekit.net,cloudflare.com,googletagmanager.com,google-analytics.com,gitbook.com,amazonaws.com,helpscout.net,cloudfront.net,githubusercontent.com"
VITA,https://iotex.io/vita,other,iotex,"","TypeScript,Node.js,SvelteKit,Varnish,Angular,Vue.js,Svelte,Gatsby,Next.js,Stitches,React,Emotion,MailChimp,Google Font API,MobX,Hotjar,Google Tag Manager,Google Remarketing Tag,Google Analytics,Cloudflare,webpack","googleapis.com,font.im,mailchimp.com,googletagmanager.com,chimpstatic.com,hotjar.com,google-analytics.com,iotex.one,gstatic.com,doubleclick.net,google.com"
Melody Finance,https://melody.finance/,high-risk,binance-smart-chain,"","styled-components,React,Unpkg,jQuery CDN,cdnjs,jQuery UI,jQuery,Preact,Google Hosted Libraries,Cloudflare","googleapis.com,unpkg.com,jquery.com,cloudflare.com,walletconnect.org,binance.org"
Ecency,https://ecency.com/,social,hive,"","Node.js,React,Express,Lodash,core-js,Cloudflare",""
Euphoria,https://app.euphoria.money/,defi,harmony,"","Amazon Web Services,styled-components,React,Amazon Cloudfront,AWS Certificate Manager,Amazon S3","coingecko.com,pokt.network"
Bluewhale Protocol,https://bluewhale-protocol.com/,defi,klaytn,"","TypeScript,Chart.js,Ionic,Bootstrap,Zone.js,Angular,SweetAlert2,Select2,Lodash,jQuery,DataTables,core-js,webpack,Google Code Prettify","github.io,jsdelivr.net,aquaspace.io"
PlayDapp Marketplace,https://market.playdapp.com/,marketplaces,"ethereum,polygon","","Sentry,Algolia,React,Ionicons,Google Font API,Lodash,Google Tag Manager,Google Remarketing Tag,Google Analytics,jsDelivr,Netlify","ionicframework.com,googleapis.com,jsdelivr.net,cloudfront.net,googletagmanager.com,amazonaws.com,algolia.net,google-analytics.com,doubleclick.net,google.com,sentry.io,cryptodozer.io,dozerbird.io,leagueofkingdoms.com,portis.io,typekit.net"
CowSwap,https://cowswap.exchange/,defi,ethereum,"","Sentry,Bootstrap,Amazon Web Services,styled-components,React,Emotion,Lodash,Google Analytics,core-js,Amazon Cloudfront,AWS Certificate Manager,Babel,Amazon S3","sentry.io,appzi.io,google-analytics.com,githubusercontent.com,gnosis.io,infura.io,cloudflare-ipfs.com"
Kolobok Adventures,https://wax.kolobok.io/,games,wax,"","TypeScript,Ubuntu,UIKit,Zone.js,Angular,Nginx,Google Font API,cdnjs,Matomo Analytics,jQuery,Google Tag Manager,Google Remarketing Tag,Google Analytics,core-js,webpack","googleapis.com,cloudflare.com,fontawesome.com,googletagmanager.com,cryptolions.io,google-analytics.com,doubleclick.net,hintsystem.com,gstatic.com,google.com"
NFTrade,https://nftrade.com/,marketplaces,"ethereum,polygon,binance-smart-chain,avalanche","","Node.js,styled-components,React,Next.js,Google Tag Manager,Google Remarketing Tag,Google Analytics,core-js,Cloudinary,Cloudflare,webpack,Choices","googletagmanager.com,cloudinary.com,google-analytics.com"
Dinosaur Eggs,https://dsgmetaverse.com/,marketplaces,binance-smart-chain,"","styled-components,React,Lodash,Cloudflare","pancakeswap.com,thegraph.com"
Train of the Century,https://play.trains.cards/,games,wax,"","Sentry,GSAP,Unpkg","atomicassets.io,sentry.io,wax.io,fontawesome.com,unpkg.com,googleapis.com,web.app"
StarCrazy,https://starcrazy.com/,games,iotex,"","Hexo,Node.js,jQuery,Cloudflare Browser Insights,Google Tag Manager,Google Remarketing Tag,Google Analytics,Cloudflare,Swiper Slider","googletagmanager.com,cloudflareinsights.com,mailerlite.com,gstatic.com,google-analytics.com"
BXH,https://www.bxh.com/,exchanges,okexchain,"","React,Nginx,Lodash,Google Tag Manager,Google Remarketing Tag,Google Analytics,core-js","googletagmanager.com,superrabbits.cn,google-analytics.com,googleapis.com,aliyuncs.com,hg.network"
Mirandus,https://www.mirandus.game/,games,ethereum,"","Webflow,TypeScript,Varnish,Nginx,Zone.js,Angular,OpenResty,Google Hosted Libraries,Google Font API,jQuery,core-js,WebAR,webpack","website-files.com,googleapis.com,cloudfront.net,amazonaws.com,gstatic.com"
Mimoswap v2,https://mimo.exchange/,exchanges,iotex,"","Varnish,styled-components,React,Google Font API,Lodash,Google Tag Manager,Google Remarketing Tag,Google Analytics,Cloudflare","googletagmanager.com,googleapis.com,google-analytics.com,gstatic.com,iotex.io"
HeroCatGamefi,https://www.herocat.io/register/P228994,games,binance-smart-chain,"","Vue.js,Element UI,Tencent Waterproof Wall,Google Tag Manager,Google Remarketing Tag,Google Analytics,core-js,Cloudflare,webpack","qq.com,googletagmanager.com,gtimg.com,google-analytics.com,cdn-go.cn"
Vulcan Market,https://market.vulcanforged.com/,marketplaces,vulcanforged,"","Sentry,Bootstrap,SweetAlert,Select2,Moment.js,jQuery,Google Tag Manager,Google Remarketing Tag,Google Analytics,DataTables,core-js,ipify,Cloudflare","vulcanstats.io,coorest.eu,mypinata.cloud,amazonaws.com,googletagmanager.com,fontawesome.com,spartez-software.com,atlassian.com,b-cdn.net,google-analytics.com,ipify.org"
Celestial,https://celt.game/,games,"okexchain,binance-smart-chain","","React,Amazon Web Services,Google Font API,Lodash,Amazon Cloudfront,AWS Certificate Manager,webpack,Amazon S3","googleapis.com,rsms.me,gstatic.com,okex.org"
Beast Garden,https://play.beastgarden.io/,games,wax,"","Node.js,Next.js,styled-components,React,Emotion,Vercel,Google Font API,core-js,webpack,Babel","googleapis.com,gstatic.com,wax.io"
Foundation,https://foundation.app/,marketplaces,ethereum,"","Contentful,Sentry,TypeScript,Node.js,SvelteKit,Angular,Vue.js,Svelte,Gatsby,Stitches,React,Emotion,Vercel,Next.js,Cloudflare,webpack","imgix.net,sentry.io"
Forsage BUSD,https://busd.forsage.io/b/oymxex,high-risk,binance-smart-chain,"","Node.js,YouTube,Envoy,Amazon Web Services,React,Next.js,Zendesk,Google Tag Manager,Google Remarketing Tag,Google Analytics,core-js,AWS Certificate Manager,webpack","googletagmanager.com,google-analytics.com,googleapis.com,gstatic.com,youtube.com,zdassets.com,amazonaws.com,doubleclick.net,google.com,ggpht.com,ytimg.com,zendesk.com"
Port Finance,https://mainnet.port.finance/,defi,solana,"","Ruby,Ruby on Rails,Ant Design,Varnish,React,GitHub Pages,Font Awesome,Fastly","rpcpool.com,coingecko.com"
Mirror,https://www.mirrorprotocol.app/,defi,"ethereum,binance-smart-chain","","",""
SpaceCraftX,https://spacecraftx.io/,games,wax,"","Node.js,Next.js,styled-components,React,MobX,Cloudflare,webpack","googleapis.com,gstatic.com,alohaeos.com,wax.io"
PolyLion,https://polylion.exchange/,defi,polygon,"","Google Tag Manager,Google Remarketing Tag,Google Analytics,core-js,Cloudflare,webpack","googletagmanager.com,google-analytics.com,chainstacklabs.com,twitter.com,twimg.com,coingecko.com"
0xUniverse,https://0xuniverse.com/,games,"ethereum,polygon","","WordPress,Elementor,MySQL,PHP,Ubuntu,YouTube,Bootstrap,Nginx,Yoast SEO,ExactMetrics,Hestia,Google Font API,Font Awesome,Facebook,Twitter Emoji (Twemoji),jQuery UI,jQuery Migrate,jQuery,Google Analytics,Facebook Pixel,core-js,Swiper Slider","bootstrapcdn.com,googleapis.com,0x.games,facebook.net,google-analytics.com,youtube.com,gstatic.com,facebook.com,doubleclick.net,google.com,ggpht.com,ytimg.com"
Polychain Monsters,https://polychainmonsters.com/,collectibles,"ethereum,binance-smart-chain","","Sentry,React,Gatsby,Google Tag Manager,Google Remarketing Tag,Google Analytics,core-js,Netlify,webpack","googletagmanager.com,sentry.io,googleapis.com,google-analytics.com,thegraph.com,gstatic.com,herokuapp.com"
Idle Mystic,https://www.idlemystic.io/login,games,polygon,"","Amazon Web Services,Vue.js,Nginx,Hammer.js,Google Tag Manager,Google Remarketing Tag,Google Analytics,core-js,AWS Certificate Manager,webpack","google-analytics.com,googletagmanager.com,google.com,doubleclick.net,tor.us"
EpicHero,https://epichero.io/chest,games,binance-smart-chain,"","Facebook,Google Tag Manager,Google Remarketing Tag,Google Analytics,Facebook Pixel,core-js,Cloudflare,webpack","sketchfab.com,googletagmanager.com,google-analytics.com,facebook.net,googleapis.com,doubleclick.net,facebook.com,binance.org,twitter.com,coinmarketcap.com,twimg.com"
Pancake Bunny,https://pancakebunny.finance/,defi,binance-smart-chain,"","React,Google Tag Manager,Google Remarketing Tag,Google Analytics","googletagmanager.com,googleapis.com,google-analytics.com,cloudfunctions.net,binance.org,gstatic.com,medium.com"
CAIT,https://caittoken.io/,defi,wax,"","PHP,YouTube,Bootstrap,LiteSpeed,Twitter,Font Awesome,Twitter Ads,jQuery,Google Tag Manager,Google Remarketing Tag,Google Analytics,Sectigo","googleapis.com,twitter.com,googletagmanager.com,youtube.com,gstatic.com,google-analytics.com,doubleclick.net,google.com,ggpht.com,ytimg.com,twimg.com"
Black Eye Galaxy,https://www.blackeyegalaxy.space/,games,binance-smart-chain,"","WordPress,MySQL,PHP,Chart.js,Nginx,wpBakery,Yoast SEO,Google Font API,prettyPhoto,jQuery","googleapis.com,fontawesome.com,gstatic.com"
Faraland,https://faraland.io/,games,binance-smart-chain,"","YouTube,React,Google Font API,Lodash,core-js,Cloudflare,LottieFiles","googleapis.com,youtube.com,gstatic.com,coingecko.com,doubleclick.net,google.com,ggpht.com,ytimg.com,defibit.io"
Paçoca,https://pacoca.io/,defi,binance-smart-chain,"","Sentry,Node.js,Vue.js,Nuxt.js,Vercel,Google Tag Manager,Google Analytics,core-js,webpack","googletagmanager.com,thegraph.com,beets-ftm-node.com,quickswap.exchange,tetu.io,google-analytics.com,coingecko.com"
Coinpirates,https://coinpirates.io/,games,wax,"","TypeScript,Chart.js,Zone.js,GSAP,Angular,jsDelivr,Google Hosted Libraries,cdnjs,jQuery UI,jQuery,Google Tag Manager,Google Remarketing Tag,Google Analytics,Cloudflare,webpack","cloudflare.com,googleapis.com,jsdelivr.net,googletagmanager.com,google-analytics.com"
MicroPETS,https://pets.micropets.io/,defi,binance-smart-chain,"","Node.js,Next.js,styled-components,React,Vercel,webpack",vercel-insights.com
Ref Finance,https://app.ref.finance/,exchanges,near,"","React,Google Font API,core-js,Netlify,parcel","googleapis.com,postimg.cc,gstatic.com,near.org,ref-finance.net"
Autofarm,https://autofarm.network/,defi,"binance-smart-chain,okexchain,avalanche,polygon","","Node.js,Next.js,styled-components,React,Netlify,Cloudflare,webpack","typekit.net,wikimedia.org,githubusercontent.com,cryptologos.cc,trustwalletapp.com,gstatic.com,defibit.io,polygon-rpc.com"
TTSwap,https://ttswap.space/#/swap?utm_source=DappRadar&utm_medium=deeplink&utm_campaign=visit-website,exchanges,thundercore,"","Amazon Web Services,styled-components,React,Google Analytics,Amazon Cloudfront,AWS Certificate Manager,Amazon S3","google-analytics.com,rsms.me,doubleclick.net,google.com,thundercore.com"
Hashland,https://hashland.com/,games,binance-smart-chain,"","Vue.js,Nginx,Google Font API,core-js,webpack,Swiper Slider","googleapis.com,coingecko.com,gstatic.com,binance.org"
GNO City,https://www.gnocity.io/,games,wax,"","Amazon Web Services,styled-components,React,core-js,Amazon Cloudfront,AWS Certificate Manager,Amazon S3","cloudflare.com,googleapis.com,get-scatter.com,wax.io,mypinata.cloud,gstatic.com,"
BunnyPark,https://www.bunnypark.com/,defi,binance-smart-chain,"",Cloudflare,"googleapis.com,cloudflareinsights.com,defibit.io"
Dfyn Network,https://dfyn.network/,exchanges,polygon,"","Tailwind CSS,Amazon Web Services,cdnjs,jQuery,Google Tag Manager,Google Remarketing Tag,Google Analytics,Axios,Amazon Cloudfront,AWS Certificate Manager,Amazon S3","googletagmanager.com,cloudflare.com,googleapis.com,google-analytics.com,gstatic.com,googleusercontent.com"
BeGlobal.finance,https://dapp.beglobal.finance/,defi,binance-smart-chain,"","Sentry,Amazon Web Services,styled-components,React,Twitter,Google Font API,Twitter Ads,Lodash,Google Tag Manager,Google Analytics,Amazon Cloudfront,Amazon S3","googleapis.com,googletagmanager.com,defibit.io,gstatic.com,twitter.com,google-analytics.com,debank.com,google.com,doubleclick.net,twimg.com,sentry.io"
Dontplaywithkitty,https://dontplaywithkitty.io/,games,binance-smart-chain,"","Vue.js,Element UI,Nginx,core-js,webpack",""
Berserk: Vulcanites Unleashed,https://berserk.vulcanforged.com/,games,vulcanforged,"","Windows Server,YouTube,Bootstrap,Microsoft ASP.NET,IIS,Azure,GSAP,Ionicons,Google Font API,Facebook,TikTok Pixel,SoundManager,Moment.js,jQuery,Isotope,Hammer.js,Google Tag Manager,Google Remarketing Tag,Google Analytics,Font Awesome,Flickity,Facebook Pixel,core-js,Cloudflare","bootstrapcdn.com,googleapis.com,cloudflare.com,fontawesome.com,googletagmanager.com,facebook.net,tiktok.com,facebook.com,gstatic.com,google-analytics.com,youtube.com,doubleclick.net,google.com,ytimg.com,ggpht.com,googlevideo.com"
Neo Tokyo Identities,https://opensea.io/collection/neo-tokyo-identities,collectibles,ethereum,"","Sentry,Node.js,Next.js,styled-components,React,Heroku,Google Font API,cdnjs,Cloudflare Browser Insights,Cloudflare Bot Management,Lodash,Google Tag Manager,Google Remarketing Tag,Google Analytics,FullStory,Datadog,core-js,Cloudflare,webpack","cloudflare.com,gstatic.com,cloudflareinsights.com,sentry.io,fullstory.com,googletagmanager.com,googleusercontent.com,google-analytics.com,doubleclick.net"
Atrix,https://app.atrix.finance/,defi,solana,"","Sentry,React,Emotion,Vercel,Google Font API,jsDelivr,LottieFiles","googleapis.com,coingecko.com,githubusercontent.com,gstatic.com,rpcpool.com"
Green Rabbit Game,https://www.greenrabbitgame.io/,games,wax,"","Node.js,Next.js,styled-components,React,Emotion,Vercel,Google Font API,core-js,Cloudinary,webpack","googleapis.com,cloudinary.com,gstatic.com,wax.io"
ACryptoS,https://app.acryptos.com/,defi,binance-smart-chain,"","Vue.js,styled-components,React,Cloudflare Browser Insights,Google Tag Manager,Google Remarketing Tag,Google Analytics,Cloudflare","googletagmanager.com,cloudflareinsights.com,google-analytics.com,binance.org,defibit.io,defistation.io"
Nova Rally,https://play.novarally.io/,games,wax,"","TypeScript,Zone.js,Angular,Nginx,Google Tag Manager,Google Remarketing Tag,Google Analytics,Unpkg","googletagmanager.com,google-analytics.com,wax.io,fontawesome.com,unpkg.com,googleapis.com"
Trade Race Manager,https://traderacemanager.com/user/referral/dappradar,games,polygon,"","TypeScript,Chart.js,Ionic,Bootstrap,Amazon Web Services,Zone.js,Angular,Twitter Analytics,Font Awesome,Facebook,Twitter Ads,reCAPTCHA,jQuery,Hammer.js,Google Tag Manager,Google Remarketing Tag,Google Analytics,Google Ads Conversion Tracking,Facebook Pixel,core-js,Amazon Cloudfront,AWS Certificate Manager,webpack,Amazon S3","tradingview.com,cloudflare.com,google.com,google-analytics.com,googletagmanager.com,gstatic.com,facebook.net,ads-twitter.com,doubleclick.net,twitter.com,t.co,googleadservices.com,facebook.com"
Sunny Aggregator,https://app.sunny.ag/,defi,solana,"","Sentry,React,Emotion,Google Font API,Lodash,Google Tag Manager,Google Remarketing Tag,Google Analytics,core-js,Cloudflare","googletagmanager.com,googleapis.com,google-analytics.com,coingecko.com,jsdelivr.net,sentry.io,rpcpool.com,ship.capital,saber.so,cashio.app"
Color Craze,https://esports.win4.fun/g/color-craze,games,thundercore,"","Sentry,Node.js,Amazon Web Services,React,Nginx,Express,Google Analytics,Amazon Cloudfront,AWS Certificate Manager,webpack","cloudflare.com,google-analytics.com,thundercore.com"
Math War,https://esports.win4.fun/g/math-race,games,thundercore,"","Sentry,Node.js,Amazon Web Services,React,Nginx,Express,Google Analytics,Amazon Cloudfront,AWS Certificate Manager,webpack","cloudflare.com,google-analytics.com,thundercore.com"
WAXTycoon,https://waxtycoon.io/,games,wax,"","Svelte,Cloudflare Browser Insights,core-js,Cloudflare","cloudflareinsights.com,googleapis.com,wax.io,get-scatter.com,greymass.com,gstatic.com,,waxsweden.org"
Marinade Finance,https://marinade.finance/app,defi,solana,"","React,Gatsby,Emotion,core-js,Netlify,webpack","phantom.app,githubusercontent.com,rpcpool.com,binance.com"
My Crypto Heroes,https://www.mycryptoheroes.net/,games,"ethereum,polygon","","Sentry,Node.js,Chart.js,Vue.js,Nuxt.js,Nginx,Google Font API,Facebook,Howler.js,Hammer.js,Google Tag Manager,Google Analytics,Google Ads Conversion Tracking,Font Awesome,Facebook Pixel,core-js,webpack","googleapis.com,googletagmanager.com,gstatic.com,google-analytics.com,googleadservices.com,facebook.net,doubleclick.net,facebook.com,google.com,tor.us,crisp.chat,infura.io,openlogin.com,sentry.io"
Crypto Egg,https://cryptoegg.xyz/,high-risk,binance-smart-chain,"","Bootstrap,LiteSpeed,jQuery,Google Tag Manager,Google Remarketing Tag,Google Analytics","googletagmanager.com,google-analytics.com"
LZ Swap,https://liquidity.lz.finance/,exchanges,binance-smart-chain,"","styled-components,React,Emotion,Google Analytics,Cloudflare","google-analytics.com,defibit.io"
Crypto Dynasty (EOS),https://eos.cryptodynasty.one/,games,eos,"","Vue.js,core-js,Cloudflare,webpack",eoscannon.io
NFTb,https://nftb.io/,marketplaces,binance-smart-chain,"","Facebook,cdnjs,jQuery,Google Tag Manager,Google Remarketing Tag,Google Analytics,Facebook Pixel,core-js,Cloudflare","googletagmanager.com,google-analytics.com,facebook.net,mypinata.cloud,webformscr.com,facebook.com,cloudflare.com"
Buffer Finance,https://app.buffer.finance/,defi,binance-smart-chain,"","Sentry,Node.js,styled-components,React,Vercel,Next.js,Lodash,webpack,Choices,parcel","tradingview.com,posthog.com,googleapis.com,gstatic.com,binance.org,defibit.io,githubusercontent.com,sentry.io"
QiDao,https://app.mai.finance/,defi,polygon,"","styled-components,React,Emotion,Vercel,Lodash","snapshot.org,debank.com,coingecko.com,maticvigil.com"
Bunicorn Game,https://bunicorn.game/,games,binance-smart-chain,"","Amazon Web Services,Vue.js,Yandex.Metrika,Google Font API,Cloudflare Bot Management,reCAPTCHA,Lodash,Google Tag Manager,Google Remarketing Tag,Google Analytics,core-js,Cloudflare,Amazon Cloudfront,webpack","googleapis.com,cloudflare.com,googletagmanager.com,yandex.ru,recaptcha.net,defibit.io,bunicorn.exchange,gstatic.com,google.com,doubleclick.net"
HEX,https://hex.com/,defi,ethereum,"","YouTube,animate.css,Bootstrap,Amazon Web Services,Twitter Analytics,Teads,OWL Carousel,Font Awesome,Facebook,AppNexus,Twitter Ads,jQuery UI,jQuery Migrate,jQuery,Isotope,Google Tag Manager,Google Analytics,Facebook Pixel,core-js,Amazon Cloudfront,AWS Certificate Manager,Amazon S3","fontawesome.com,ads-twitter.com,facebook.net,google-analytics.com,googletagmanager.com,teads.tv,adnxs.com,t.co,googleapis.com,facebook.com,ethhex.com,hex.vision,gstatic.com,nomics.com,twitter.com,doubleclick.net,google.com,infura.io,azurewebsites.net"
Larix,https://projectlarix.com/,defi,solana,"","Vue.js,Cloudflare Browser Insights,core-js,Cloudflare,webpack","cloudflareinsights.com,unpkg.com"
KnightSwap,https://app.knightswap.financial/,exchanges,binance-smart-chain,"","styled-components,React,Twitter,Google Font API,Twitter Ads,Cloudflare","googleapis.com,gstatic.com,binance.org,twitter.com,twimg.com"
Mysterium VPN,https://www.mysteriumvpn.com/,other,polygon,"","Webflow,Varnish,Nginx,OpenResty,Google Hosted Libraries,Google Font API,Typekit,jQuery,Intercom,Google Tag Manager,Google Analytics,core-js","webflow.com,googleapis.com,typekit.net,cloudfront.net,google-analytics.com,googletagmanager.com,gstatic.com,google.com,doubleclick.net,intercom.io,intercomcdn.com"
Olympus DAO,https://app.olympusdao.finance/,defi,ethereum,dnslink,Bunny,"googletagmanager.com,pokt.network,segment.com,google-analytics.com,googleapis.com,segment.io,doubleclick.net,google.com,thegraph.com,coingecko.com"
Brain Warp,https://esports.win4.fun/g/brain-warp,games,thundercore,"","Sentry,Node.js,Amazon Web Services,React,Nginx,Express,Google Analytics,Amazon Cloudfront,AWS Certificate Manager,webpack","cloudflare.com,google-analytics.com,thundercore.com"
Gswap by Gravis Finance,https://gravis.finance/,exchanges,"binance-smart-chain,polygon,other","","YouTube,animate.css,styled-components,React,Yandex.Metrika,MailChimp,Facebook,Google Tag Manager,Google Remarketing Tag,Google Analytics,Google Ads Conversion Tracking,Facebook Pixel,core-js,Cloudflare","googletagmanager.com,rsms.me,google-analytics.com,googleadservices.com,yandex.ru,facebook.net,doubleclick.net,facebook.com,google.com,youtube.com,gstatic.com"
Alpaca Finance,https://app.alpacafinance.org/,defi,binance-smart-chain,"","Ant Design,Amazon Web Services,React,Google Tag Manager,Google Analytics,Amazon Cloudfront,AWS Certificate Manager,Amazon S3","googletagmanager.com,gstatic.com,google-analytics.com,ninicoin.io,amazonaws.com"
MaticVerse,https://game.maticverse.io/,games,binance-smart-chain,"","animate.css,Bootstrap,Unpkg,jsDelivr,Font Awesome,cdnjs,jQuery,Hammer.js,core-js,Netlify","cloudflare.com,cloudfront.net,jsdelivr.net,unpkg.com"
Sorbet Finance by Gelato,https://www.sorbet.finance/,defi,polygon,"","styled-components,React,Emotion,Vercel,Google Analytics","google-analytics.com,thegraph.com,githubusercontent.com"
Ellipsis Finance,https://ellipsis.finance/,defi,binance-smart-chain,"","Node.js,Vuetify,Vue.js,Nuxt.js,styled-components,React,Vercel,Google Font API,core-js,jsDelivr,webpack","googleapis.com,jsdelivr.net,binance.org"
Curve,https://beta.curve.fi/,defi,"ethereum,avalanche,polygon","","Amazon Web Services,Vue.js,Svelte,core-js,Amazon Cloudfront,AWS Certificate Manager,webpack,Amazon S3","gasnow.org,coingecko.com,infura.io,upvest.co"
Jetswap,https://jetswap.finance/,exchanges,"binance-smart-chain,polygon","",Nginx,"googletagmanager.com,googleapis.com,google-analytics.com,thegraph.com,p2pify.com,fortress.loans,gstatic.com"
Devikins,https://devikins.com/,games,tron,"","WordPress,MySQL,PHP,YouTube,Bootstrap,Nginx,Slick,Google Font API,Font Awesome,Twitter Emoji (Twemoji),jQuery Migrate,jQuery,WP Engine","googleapis.com,gstatic.com,youtube.com,doubleclick.net,google.com,ggpht.com,ytimg.com"
PixelPotus,https://www.pixelpotus.com/,collectibles,tezos,"","YouTube,Vue.js,Vercel,Klaviyo,Google Font API,Lodash,Google Tag Manager,Google Remarketing Tag,Google Analytics,Font Awesome,core-js,webpack","googleapis.com,googletagmanager.com,klaviyo.com,youtube-nocookie.com,producthunt.com,gstatic.com,google-analytics.com,google.com,ggpht.com,ytimg.com"
LEONICORN SWAP,https://dex.leonicornswap.com/home,defi,binance-smart-chain,"","Amazon Web Services,styled-components,React,Google Font API,MyLiveChat,Lodash,Google Tag Manager,Google Remarketing Tag,Google Analytics,Amazon Cloudfront,AWS Certificate Manager,Amazon S3","googleapis.com,googletagmanager.com,mylivechat.com,google-analytics.com,gstatic.com,binance.org"
Lydia Finance,https://www.lydia.finance/,defi,avalanche,"","Firebase,styled-components,React,Vercel,Google Font API,Lodash,Google Tag Manager,Google Remarketing Tag,Google Analytics,core-js,LottieFiles","googletagmanager.com,gstatic.com,googleapis.com,avax.network,google-analytics.com,avaxlions.com"
ComethSwap,https://swap.cometh.io/,exchanges,polygon,"","Envoy,styled-components,React,Emotion,Google Font API,Google Cloud,Google Cloud Storage","googleapis.com,magic.link,rollbar.com,polygon-rpc.com"
Decentral Games,https://decentral.games/d603bb,gambling,polygon,"","Node.js,styled-components,React,Next.js,Cloudflare Browser Insights,Google Tag Manager,Google Remarketing Tag,Google Analytics,core-js,Cloudinary,Cloudflare,webpack,Choices","cloudflareinsights.com,cloudinary.com,googleapis.com,googletagmanager.com,google-analytics.com,google.com,doubleclick.net,segment.com,gstatic.com,coingecko.com,thegraph.com,segment.io"
